../Assets/Hand_Images/8/63.jpg,8
../Assets/Hand_Images/8/77.jpg,8
../Assets/Hand_Images/8/162.jpg,8
../Assets/Hand_Images/8/88.jpg,8
../Assets/Hand_Images/8/89.jpg,8
../Assets/Hand_Images/8/76.jpg,8
../Assets/Hand_Images/8/62.jpg,8
../Assets/Hand_Images/8/74.jpg,8
../Assets/Hand_Images/8/60.jpg,8
../Assets/Hand_Images/8/48.jpg,8
../Assets/Hand_Images/8/149.jpg,8
../Assets/Hand_Images/8/161.jpg,8
../Assets/Hand_Images/8/160.jpg,8
../Assets/Hand_Images/8/148.jpg,8
../Assets/Hand_Images/8/49.jpg,8
../Assets/Hand_Images/8/61.jpg,8
../Assets/Hand_Images/8/75.jpg,8
../Assets/Hand_Images/8/59.jpg,8
../Assets/Hand_Images/8/71.jpg,8
../Assets/Hand_Images/8/65.jpg,8
../Assets/Hand_Images/8/158.jpg,8
../Assets/Hand_Images/8/159.jpg,8
../Assets/Hand_Images/8/64.jpg,8
../Assets/Hand_Images/8/70.jpg,8
../Assets/Hand_Images/8/58.jpg,8
../Assets/Hand_Images/8/8.jpg,8
../Assets/Hand_Images/8/66.jpg,8
../Assets/Hand_Images/8/72.jpg,8
../Assets/Hand_Images/8/99.jpg,8
../Assets/Hand_Images/8/98.jpg,8
../Assets/Hand_Images/8/73.jpg,8
../Assets/Hand_Images/8/67.jpg,8
../Assets/Hand_Images/8/9.jpg,8
../Assets/Hand_Images/8/14.jpg,8
../Assets/Hand_Images/8/28.jpg,8
../Assets/Hand_Images/8/129.jpg,8
../Assets/Hand_Images/8/101.jpg,8
../Assets/Hand_Images/8/115.jpg,8
../Assets/Hand_Images/8/114.jpg,8
../Assets/Hand_Images/8/100.jpg,8
../Assets/Hand_Images/8/128.jpg,8
../Assets/Hand_Images/8/29.jpg,8
../Assets/Hand_Images/8/15.jpg,8
../Assets/Hand_Images/8/17.jpg,8
../Assets/Hand_Images/8/116.jpg,8
../Assets/Hand_Images/8/102.jpg,8
../Assets/Hand_Images/8/103.jpg,8
../Assets/Hand_Images/8/117.jpg,8
../Assets/Hand_Images/8/16.jpg,8
../Assets/Hand_Images/8/12.jpg,8
../Assets/Hand_Images/8/113.jpg,8
../Assets/Hand_Images/8/107.jpg,8
../Assets/Hand_Images/8/106.jpg,8
../Assets/Hand_Images/8/112.jpg,8
../Assets/Hand_Images/8/13.jpg,8
../Assets/Hand_Images/8/39.jpg,8
../Assets/Hand_Images/8/11.jpg,8
../Assets/Hand_Images/8/104.jpg,8
../Assets/Hand_Images/8/110.jpg,8
../Assets/Hand_Images/8/138.jpg,8
../Assets/Hand_Images/8/139.jpg,8
../Assets/Hand_Images/8/111.jpg,8
../Assets/Hand_Images/8/105.jpg,8
../Assets/Hand_Images/8/10.jpg,8
../Assets/Hand_Images/8/38.jpg,8
../Assets/Hand_Images/8/21.jpg,8
../Assets/Hand_Images/8/35.jpg,8
../Assets/Hand_Images/8/108.jpg,8
../Assets/Hand_Images/8/120.jpg,8
../Assets/Hand_Images/8/134.jpg,8
../Assets/Hand_Images/8/135.jpg,8
../Assets/Hand_Images/8/121.jpg,8
../Assets/Hand_Images/8/109.jpg,8
../Assets/Hand_Images/8/34.jpg,8
../Assets/Hand_Images/8/20.jpg,8
../Assets/Hand_Images/8/36.jpg,8
../Assets/Hand_Images/8/22.jpg,8
../Assets/Hand_Images/8/137.jpg,8
../Assets/Hand_Images/8/123.jpg,8
../Assets/Hand_Images/8/122.jpg,8
../Assets/Hand_Images/8/136.jpg,8
../Assets/Hand_Images/8/23.jpg,8
../Assets/Hand_Images/8/37.jpg,8
../Assets/Hand_Images/8/33.jpg,8
../Assets/Hand_Images/8/27.jpg,8
../Assets/Hand_Images/8/132.jpg,8
../Assets/Hand_Images/8/126.jpg,8
../Assets/Hand_Images/8/127.jpg,8
../Assets/Hand_Images/8/133.jpg,8
../Assets/Hand_Images/8/26.jpg,8
../Assets/Hand_Images/8/32.jpg,8
../Assets/Hand_Images/8/18.jpg,8
../Assets/Hand_Images/8/24.jpg,8
../Assets/Hand_Images/8/30.jpg,8
../Assets/Hand_Images/8/125.jpg,8
../Assets/Hand_Images/8/131.jpg,8
../Assets/Hand_Images/8/119.jpg,8
../Assets/Hand_Images/8/118.jpg,8
../Assets/Hand_Images/8/130.jpg,8
../Assets/Hand_Images/8/124.jpg,8
../Assets/Hand_Images/8/31.jpg,8
../Assets/Hand_Images/8/25.jpg,8
../Assets/Hand_Images/8/19.jpg,8
../Assets/Hand_Images/8/42.jpg,8
../Assets/Hand_Images/8/4.jpg,8
../Assets/Hand_Images/8/56.jpg,8
../Assets/Hand_Images/8/81.jpg,8
../Assets/Hand_Images/8/95.jpg,8
../Assets/Hand_Images/8/143.jpg,8
../Assets/Hand_Images/8/157.jpg,8
../Assets/Hand_Images/8/156.jpg,8
../Assets/Hand_Images/8/142.jpg,8
../Assets/Hand_Images/8/94.jpg,8
../Assets/Hand_Images/8/80.jpg,8
../Assets/Hand_Images/8/5.jpg,8
../Assets/Hand_Images/8/57.jpg,8
../Assets/Hand_Images/8/43.jpg,8
../Assets/Hand_Images/8/55.jpg,8
../Assets/Hand_Images/8/7.jpg,8
../Assets/Hand_Images/8/41.jpg,8
../Assets/Hand_Images/8/69.jpg,8
../Assets/Hand_Images/8/96.jpg,8
../Assets/Hand_Images/8/82.jpg,8
../Assets/Hand_Images/8/154.jpg,8
../Assets/Hand_Images/8/140.jpg,8
../Assets/Hand_Images/8/141.jpg,8
../Assets/Hand_Images/8/155.jpg,8
../Assets/Hand_Images/8/83.jpg,8
../Assets/Hand_Images/8/97.jpg,8
../Assets/Hand_Images/8/68.jpg,8
../Assets/Hand_Images/8/40.jpg,8
../Assets/Hand_Images/8/54.jpg,8
../Assets/Hand_Images/8/6.jpg,8
../Assets/Hand_Images/8/78.jpg,8
../Assets/Hand_Images/8/2.jpg,8
../Assets/Hand_Images/8/50.jpg,8
../Assets/Hand_Images/8/44.jpg,8
../Assets/Hand_Images/8/151.jpg,8
../Assets/Hand_Images/8/145.jpg,8
../Assets/Hand_Images/8/93.jpg,8
../Assets/Hand_Images/8/87.jpg,8
../Assets/Hand_Images/8/86.jpg,8
../Assets/Hand_Images/8/92.jpg,8
../Assets/Hand_Images/8/144.jpg,8
../Assets/Hand_Images/8/150.jpg,8
../Assets/Hand_Images/8/45.jpg,8
../Assets/Hand_Images/8/3.jpg,8
../Assets/Hand_Images/8/51.jpg,8
../Assets/Hand_Images/8/79.jpg,8
../Assets/Hand_Images/8/47.jpg,8
../Assets/Hand_Images/8/53.jpg,8
../Assets/Hand_Images/8/1.jpg,8
../Assets/Hand_Images/8/146.jpg,8
../Assets/Hand_Images/8/152.jpg,8
../Assets/Hand_Images/8/84.jpg,8
../Assets/Hand_Images/8/90.jpg,8
../Assets/Hand_Images/8/91.jpg,8
../Assets/Hand_Images/8/85.jpg,8
../Assets/Hand_Images/8/153.jpg,8
../Assets/Hand_Images/8/147.jpg,8
../Assets/Hand_Images/8/52.jpg,8
../Assets/Hand_Images/8/0.jpg,8
../Assets/Hand_Images/8/46.jpg,8
